-- import.sql

-- CATEGORY_TYPE
INSERT INTO CATEGORY_TYPE (ID, NAME) VALUES (1, 'majors');
INSERT INTO CATEGORY_TYPE (ID, NAME) VALUES (2, 'industry');
INSERT INTO CATEGORY_TYPE (ID, NAME) VALUES (3, 'company size');


-- CATEGORY
INSERT INTO CATEGORY (ID, NAME, CATEGORY_TYPE_ID) VALUES (1, 'Micro-enterprises', 3);
INSERT INTO CATEGORY (ID, NAME, CATEGORY_TYPE_ID) VALUES (2, 'Small enterprises', 3);
INSERT INTO CATEGORY (ID, NAME, CATEGORY_TYPE_ID) VALUES (3, 'Medium-sized enterprises', 3);
INSERT INTO CATEGORY (ID, NAME, CATEGORY_TYPE_ID) VALUES (4, 'Large enterprises', 3);

INSERT INTO CATEGORY (ID, NAME, CATEGORY_TYPE_ID) VALUES (5, 'Aerospace and Defense', 2);
INSERT INTO CATEGORY (ID, NAME, CATEGORY_TYPE_ID) VALUES (6, 'Automotive', 2);
INSERT INTO CATEGORY (ID, NAME, CATEGORY_TYPE_ID) VALUES (7, 'Aviation', 2);
INSERT INTO CATEGORY (ID, NAME, CATEGORY_TYPE_ID) VALUES (8, 'Banking, financial services and insurance (BFSI)',2);
INSERT INTO CATEGORY (ID, NAME, CATEGORY_TYPE_ID) VALUES (9, 'E-commerce',2);
INSERT INTO CATEGORY (ID, NAME, CATEGORY_TYPE_ID) VALUES (10, 'Educational Services',2);
INSERT INTO CATEGORY (ID, NAME, CATEGORY_TYPE_ID) VALUES (11, 'Energy',2);
INSERT INTO CATEGORY (ID, NAME, CATEGORY_TYPE_ID) VALUES (12, 'Entertainment & Media',2);
INSERT INTO CATEGORY (ID, NAME, CATEGORY_TYPE_ID) VALUES (13, 'Food & Agricultural industries',2);
INSERT INTO CATEGORY (ID, NAME, CATEGORY_TYPE_ID) VALUES (14, 'Healthcare & Social Assistance',2);
INSERT INTO CATEGORY (ID, NAME, CATEGORY_TYPE_ID) VALUES (15, 'IT & Telecom',2);
INSERT INTO CATEGORY (ID, NAME, CATEGORY_TYPE_ID) VALUES (16, 'Legal',2);
INSERT INTO CATEGORY (ID, NAME, CATEGORY_TYPE_ID) VALUES (17, 'Manufacturing',2);
INSERT INTO CATEGORY (ID, NAME, CATEGORY_TYPE_ID) VALUES (18, 'Non-Profit',2);
INSERT INTO CATEGORY (ID, NAME, CATEGORY_TYPE_ID) VALUES (19, 'Pharmaceuticals and Life sciences',2);
INSERT INTO CATEGORY (ID, NAME, CATEGORY_TYPE_ID) VALUES (20, 'Public Services',2);
INSERT INTO CATEGORY (ID, NAME, CATEGORY_TYPE_ID) VALUES (21, 'Real Estate & Leasing',2);
INSERT INTO CATEGORY (ID, NAME, CATEGORY_TYPE_ID) VALUES (22, 'Retail & FMCG',2);
INSERT INTO CATEGORY (ID, NAME, CATEGORY_TYPE_ID) VALUES (23, 'Transportation & Logistics',2);

---- PROFESSION
INSERT INTO PROFESSION (ID, NAME) VALUES (1, 'Quantitative Analyst');
INSERT INTO PROFESSION (ID, NAME) VALUES (2, 'Financial Analyst');
INSERT INTO PROFESSION (ID, NAME) VALUES (3, 'Software Engineer');
INSERT INTO PROFESSION (ID, NAME) VALUES (4, 'Compliance Officer');
INSERT INTO PROFESSION (ID, NAME) VALUES (5, 'Project Manager');
INSERT INTO PROFESSION (ID, NAME) VALUES (6, 'Nurse');
INSERT INTO PROFESSION (ID, NAME) VALUES (7, 'Marketing Manager');
INSERT INTO PROFESSION (ID, NAME) VALUES (8, 'Growth Manager');
INSERT INTO PROFESSION (ID, NAME) VALUES (9, 'Talent Acquisition');
INSERT INTO PROFESSION (ID, NAME) VALUES (10, 'Corporate Lawyer');
INSERT INTO PROFESSION (ID, NAME) VALUES (11, 'Business Development Manager');
INSERT INTO PROFESSION (ID, NAME) VALUES (12, 'Quality Assurance');
INSERT INTO PROFESSION (ID, NAME) VALUES (13, 'Flight Attendant');

---- VIDEO
INSERT INTO VIDEO (VIDEO_URL, NAME) VALUES ('https://youtu.be/Qd2Kh80ZK6k', 'A Day In The Life Of An Amazom Soft...');
INSERT INTO VIDEO (VIDEO_URL, NAME) VALUES ('https://youtu.be/J9nV8U8gLec', 'A Real DAY In The Life...');
INSERT INTO VIDEO (VIDEO_URL, NAME) VALUES ('https://youtu.be/9qIRJZnoeWE', 'A Productive Day In The Life...');
INSERT INTO VIDEO (VIDEO_URL, NAME) VALUES ('https://youtu.be/LGDughLj1Oo', 'A Actual DAY In The Life...');
INSERT INTO VIDEO (VIDEO_URL, NAME) VALUES ('https://youtu.be/1LSXEC0Clow', 'A Day In The Life Of Software...');
INSERT INTO VIDEO (VIDEO_URL, NAME) VALUES ('https://youtu.be/94O725eWuXs', 'Compilance In An Investment Bank...');